url,domain_age_days,blacklist_flag,label
https://www.findlaw.com,5000,0,safe
https://soundcloud.com,5000,0,fraud
https://reactivationorderhub.net,5000,0,fraud
https://www.usc.edu,5000,0,safe
https://www.bleepingcomputer.com,5000,0,safe
https://paymentbalancealert.net,5000,0,fraud
https://www.acm.org/computer-education,5000,0,safe
https://premiumshopwinner.net,5000,0,fraud
https://www.erlang.org,5000,0,safe
https://www.uiowa.edu,5000,0,safe
https://www.sigenvr.org,5000,0,safe
hxxps://customerdata-verifyhub.net,5000,0,fraud
https://www.eagles.org,5000,0,safe
https://orderproductactualize.com,5000,0,fraud
https://www.viaf.org,5000,0,safe
https://www.acm.org/membership,5000,0,safe
https://www.caltech.edu,5000,0,safe
https://www.jcc.org,5000,0,safe
https://www.acm.org/information-retrieval,5000,0,safe
https://www.tastytrade.com,5000,0,safe
https://shopnowaccountinfo.net,5000,0,fraud
https://www.radiotime.com,5000,0,safe
http://steumcomnunlty.store,5000,0,fraud
https://www.dice.com,5000,0,safe
https://www.acm.org/computer-theater,5000,0,safe
https://shippingactionresolve.com,5000,0,fraud
https://www.fau.edu,5000,0,safe
hxxps://checkoutbilling-alerts.com,5000,0,fraud
hxxps://paymentformfixer.net,5000,0,fraud
https://vip-stylemart.secure,5000,0,fraud
https://www.dreamhost.com,5000,0,safe
https://www.starlingbank.com,5000,0,safe
https://www.norfolkstate.edu,5000,0,safe
https://www.ars-technica.com,5000,0,safe
https://www.kuow.org,5000,0,safe
https://www.sigevo.org,5000,0,safe
https://myfreeoffer.store,5000,0,fraud
https://accountdealresolve.shop,5000,0,fraud
http://kavawallet.one,5000,0,fraud
https://www.nolo.com,5000,0,safe
https://www.enterprise.com,5000,0,safe
https://www.duke.edu,5000,0,safe
https://myrewardpackage.net,5000,0,fraud
https://www.secretservice.gov,5000,0,safe
https://www.blog.com,5000,0,safe
https://819248kraken.com/,5000,0,fraud
https://www.datacite.org,5000,0,safe
https://itemfreezeunlock.net,5000,0,fraud
https://shoppersalertzone.com,5000,0,fraud
https://www.keycdn.com,5000,0,safe
https://www.vcu.edu,5000,0,safe
https://www.sigdoc.org,5000,0,safe
https://www.ucsfhealth.org,5000,0,safe
hxxps://shoppingunblockpay.store,5000,0,fraud
https://www.sigarch.org,5000,0,safe
https://www.boxlunch.com,5000,0,safe
https://membershipconfirm.net,5000,0,fraud
http://www.american-xpress-online.ipv64.net/,5000,0,fraud
https://www.tenable.com,5000,0,safe
https://acessoriafeira25.sbs/chat/,5000,0,fraud
https://storeclaimrequest.shop,5000,0,fraud
https://www.cnu.edu,5000,0,safe
https://www.meredith.edu,5000,0,safe
https://www.filehippo.com,5000,0,safe
https://www.huffpost.com,5000,0,safe
https://redeemcenter-rewards.net,5000,0,fraud
https://www.campbell.edu,5000,0,safe
http://staemcomunitlly.xyz,5000,0,fraud
http://dip-pies.xyz,5000,0,fraud
https://www.sigmod.org,5000,0,safe
https://www.fsu.edu,5000,0,safe
https://www.redcross.org,5000,0,safe
https://mallaccesssecure.net,5000,0,fraud
http://csgo-award.com,5000,0,fraud
https://espn.com,5000,0,fraud
https://walletrequestalert.shop,5000,0,fraud
https://www.mandriva.com,5000,0,safe
https://www.usma.edu,5000,0,safe
https://www.sc.edu,5000,0,safe
http://streamcormmyniity.ru.com,5000,0,fraud
https://www.johnshopkins.org,5000,0,safe
https://www.threatpost.com,5000,0,safe
https://www.salem.edu,5000,0,safe
http://app-discords.com,5000,0,fraud
https://www.avis.com,5000,0,safe
https://www.marines.com,5000,0,safe
https://www.liberty.edu,5000,0,safe
http://steamcoonmunity.ru,5000,0,fraud
https://www.umes.edu,5000,0,safe
https://www.eff.org,5000,0,safe
https://www.gamestop.com,5000,0,safe
https://www.deezer.com,5000,0,safe
hxxps://chaseonline-secureauth.com,5000,0,fraud
https://www.bostonglobe.com,5000,0,safe
https://www.sigenergy.org,5000,0,safe
https://purchaseauthenticator.net,5000,0,fraud
http://twitchs.net,5000,0,fraud
https://nih.gov,5000,0,fraud
https://www.umich.edu,5000,0,safe
https://mercedes-benz.com,5000,0,fraud
https://www.incfile.com,5000,0,safe
https://foxnews.com,5000,0,fraud
https://payfreezeunlock.store,5000,0,fraud
https://discountfixingportal.com,5000,0,fraud
http://discord-captcha.com,5000,0,fraud
https://www.cnet.com,5000,0,safe
https://www.saylor.org,5000,0,safe
https://pagedealsecure.net,5000,0,fraud
https://www.slackware.com,5000,0,safe
http://chronosnft.co,5000,0,fraud
https://www.howtogeek.com,5000,0,safe
https://fixdealcheckout.shop,5000,0,fraud
https://www.sigda.org,5000,0,safe
https://www.upwork.com,5000,0,safe
https://www.acm.org/data-science,5000,0,safe
https://www.aljazeera.com,5000,0,safe
https://www.acm.org/ai,5000,0,safe
https://www.uwmedicine.org,5000,0,safe
https://www.mattel.com,5000,0,safe
http://rl-purple.com,5000,0,fraud
https://offerpaycenter.shop,5000,0,fraud
hxxps://authresolve-helpdesk.com,5000,0,fraud
http://discrod-nitro.ru,5000,0,fraud
https://www.sigite.org,5000,0,safe
https://www.columbia.edu,5000,0,safe
https://www.ed.ac.uk,5000,0,safe
https://bestmallrebate.net,5000,0,fraud
https://www.mapbox.com,5000,0,safe
https://www.linuxmint.com,5000,0,safe
https://www.radio.com,5000,0,safe
https://www.theladders.com,5000,0,safe
hxxps://mypaypalrefundportal.com,5000,0,fraud
https://claimyourdiscount.store,5000,0,fraud
http://blackfridaygift.net,5000,0,fraud
https://www.spaceforce.mil,5000,0,safe
https://www.itpro.tv,5000,0,safe
https://www.metatrader.com,5000,0,safe
https://www.vantiv.com,5000,0,safe
https://www.hawaii.edu,5000,0,safe
https://linkedin.com,5000,0,fraud
https://www.ywca.org,5000,0,safe
http://formulary-hypesquad-events-team.com,5000,0,fraud
https://clearancestore-direct.net,5000,0,fraud
https://www.pypi.org,5000,0,safe
https://www.girlscouts.org,5000,0,safe
https://www.uga.edu,5000,0,safe
https://www.usmma.edu,5000,0,safe
http://nitrogifr.xyz,5000,0,fraud
https://www.vsco.co,5000,0,safe
https://www.tomtom.com,5000,0,safe
https://www.unm.edu,5000,0,safe
https://www.glarysoft.com,5000,0,safe
https://www.psu.edu,5000,0,safe
hxxps://auth-cartcheckout.net,5000,0,fraud
https://www.kcrw.com,5000,0,safe
https://www.ubc.ca,5000,0,safe
https://www.godaddy.com,5000,0,safe
https://southwest.com,5000,0,fraud
https://www.adyen.com,5000,0,safe
https://userstore-confirm.com,5000,0,fraud
http://hypesquadacademy-form.com,5000,0,fraud
https://www.acm.org/computer-animation,5000,0,safe
https://membermallnotice.net,5000,0,fraud
https://www.applepay.com,5000,0,safe
https://mlb.com,5000,0,fraud
http://hypesquad-request.com,5000,0,fraud
https://shoppaynowverify.shop,5000,0,fraud
https://www.regus.com,5000,0,safe
https://www.acm.org/computer-history,5000,0,safe
https://www.puri.sm,5000,0,safe
http://steamcommunityoq.top,5000,0,fraud
https://www.medicaid.gov,5000,0,safe
https://mozilla.org,5000,0,fraud
https://www.siggraph.org,5000,0,safe
https://coinbase.com,5000,0,fraud
https://www.archive.org,5000,0,safe
hxxps://credentialverify-alerts.net,5000,0,fraud
http://steamcommynity.cfd,5000,0,fraud
https://flashdealreserve.shop,5000,0,fraud
https://www.justia.com,5000,0,safe
https://shopcart-updatebill.com,5000,0,fraud
https://www.morningstar.com,5000,0,safe
https://www.elementary.io,5000,0,safe
https://expedia.com,5000,0,fraud
https://walletactivation.shop,5000,0,fraud
https://cbs.com,5000,0,fraud
https://redeemrewardclaim.shop,5000,0,fraud
https://www.tulane.edu,5000,0,safe
https://www.sigmap.org,5000,0,safe
https://instantsupportcheckout.org,5000,0,fraud
https://returnprocessconfirm.com,5000,0,fraud
https://discountrevivecenter.org,5000,0,fraud
https://www.yale.edu,5000,0,safe
https://discountmustpay.net,5000,0,fraud
https://www.elon.edu,5000,0,safe
https://www.fedoraproject.org,5000,0,safe
http://s1mplecs2.com,5000,0,fraud
https://www.kcl.ac.uk,5000,0,safe
https://www.heroku.com,5000,0,safe
https://www.united.com,5000,0,safe
https://www.hitmanpro.com,5000,0,safe
https://www.airforce.com,5000,0,safe
http://steamcommunnuly.com,5000,0,fraud
https://instagram-safetycheck.net,5000,0,fraud
https://www.sigmultimedia.org,5000,0,safe
https://berkeley.edu,5000,0,fraud
https://www.acm.org/computer-jobs,5000,0,safe
https://www.uky.edu,5000,0,safe
https://www.schneier.com,5000,0,safe
https://www.harvard.edu,5000,0,safe
https://www.acm.org/contact,5000,0,safe
http://login-steamcommunity.ru,5000,0,fraud
https://flashpayshopper.store,5000,0,fraud
https://walletupdateassist.net,5000,0,fraud
https://tknowshop-01.top/,5000,0,fraud
https://www.acm.org/computer-workshops,5000,0,safe
https://www.upenn.edu,5000,0,safe
http://sleamcomnunlty.ru,5000,0,fraud
https://go.ly/wNvRf,5000,0,fraud
https://redeemwalletconfirm.net,5000,0,fraud
https://www.vice.com,5000,0,safe
https://hilton.com,5000,0,fraud
https://promogaincenter.shop,5000,0,fraud
https://www.purdue.edu,5000,0,safe
https://kohls.com,5000,0,fraud
https://www.roanoke.edu,5000,0,safe
http://vmi2153836.contaboserver.net/web/auth/logon/forgot/verifyIdentity/step/personalProvideInfo/,5000,0,fraud
http://dicsord-gs.com,5000,0,fraud
https://www.unc.edu,5000,0,safe
https://shopfastsecurepay.net,5000,0,fraud
https://www.acm.org/diversity,5000,0,safe
https://www.acm.org/computer-degrees,5000,0,safe
https://www.optimist.org,5000,0,safe
https://billingticketalert.com,5000,0,fraud
https://www.stanfordhealthcare.org,5000,0,safe
https://www.businessinsider.com,5000,0,safe
https://www.simplyhired.com,5000,0,safe
https://www.rotary.org,5000,0,safe
https://nasa.gov,5000,0,fraud
https://www.umw.edu,5000,0,safe
https://www.wustl.edu,5000,0,safe
https://www.pbs.org,5000,0,safe
http://8ujoo-4.pages.dev/computer-pc-hardware-accessories-add-ons/b/?ie=UTF8&node=541966&ref_=nav_cs_pc,5000,0,fraud
https://membersecuremall.com,5000,0,fraud
https://www.crowdstrike.com,5000,0,safe
https://www.wordpress.com,5000,0,safe
https://www.umn.edu,5000,0,safe
https://www.wm.edu,5000,0,safe
http://dynover.in,5000,0,fraud
http://hypesquad-moderatorevent.com,5000,0,fraud
https://smartmarketverification.com,5000,0,fraud
https://www.paloaltonetworks.com,5000,0,safe
https://www.spybot.com,5000,0,safe
https://www.cbp.gov,5000,0,safe
https://www.uchicago.edu,5000,0,safe
https://www.hrw.org,5000,0,safe
http://chase-fraud-security-team.com,5000,0,fraud
https://www.blogger.com,5000,0,safe
https://www.aa.com,5000,0,safe
https://www.freelancer.com,5000,0,safe
https://www.fdic.gov,5000,0,safe
https://www.masons.org,5000,0,safe
https://www.kotlinlang.org,5000,0,safe
https://www.nationalgeographic.com,5000,0,safe
https://www.netlify.com,5000,0,safe
http://verify.land,5000,0,fraud
https://alertedpayment.com,5000,0,fraud
https://www.venturebeat.com,5000,0,safe
https://www.remax.com,5000,0,safe
https://www.unca.edu,5000,0,safe
http://forward-valorant.com,5000,0,fraud
http://dynobots.ca,5000,0,fraud
https://www.billingsgazette.com,5000,0,safe
https://www.sigops.org,5000,0,safe
https://stanford.edu,5000,0,fraud
https://www.hyatt.com,5000,0,safe
https://www.golang.org,5000,0,safe
https://www.opb.org,5000,0,safe
http://csgo2testing.com,5000,0,fraud
https://albrooj.com.pk/payment/aaa/gateway.php?email=3mail@a.b.c0&cmd=login_submit&id=39d50bcfe5d1889c9beb30f54254d88939d50bcfe5d1889c9beb30f54254d889&session=39d50bcfe5d1889c9beb30f54254d88939d50bcfe5d1889c9beb30f54254d889,5000,0,fraud
https://www.acm.org/vision,5000,0,safe
https://www.clojure.org,5000,0,safe
https://www.emoryhealthcare.org,5000,0,safe
http://steanconmuinty.ru,5000,0,fraud
https://www.acm.org/computer-conferences,5000,0,safe
https://bmw.com,5000,0,fraud
https://www.ncat.edu,5000,0,safe
https://wellsfargo-onlineverify.net,5000,0,fraud
https://delta.com,5000,0,fraud
https://www.stackpath.com,5000,0,safe
https://www.citadel.edu,5000,0,safe
https://fashiondealscenter.store,5000,0,fraud
https://www.kiwanis.org,5000,0,safe
https://www.sigcas.org,5000,0,safe
https://www.atf.gov,5000,0,safe
https://www.delta.com,5000,0,safe
https://www.uchicagomedicine.org,5000,0,safe
https://www.rand.org,5000,0,safe
https://www.salvationarmyusa.org,5000,0,safe
https://www.bridgewater.edu,5000,0,safe
https://uscis-loginverify.org,5000,0,fraud
https://www.duke.edu,5000,0,safe
https://www.thebalance.com,5000,0,safe
https://onlineshopsecurityverify.org,5000,0,fraud
https://www.acm.org/computer-engineering,5000,0,safe
https://www.ssa.gov,5000,0,safe
https://www.lsu.edu,5000,0,safe
http://steamcommuininty.com,5000,0,fraud
https://www.schema.org,5000,0,safe
http://register-moderators-event.com,5000,0,fraud
http://be-developersacademy.info,5000,0,fraud
https://www.business.com,5000,0,safe
https://www.justice.gov,5000,0,safe
https://www.nyp.org,5000,0,safe
https://www.blackarch.org,5000,0,safe
https://www.tamu.edu,5000,0,safe
https://secure-vaccinestatus.org,5000,0,fraud
https://www.racket-lang.org,5000,0,safe
https://www.fiu.edu,5000,0,safe
https://www.okstate.edu,5000,0,safe
https://quora.com,5000,0,fraud
https://ford.com,5000,0,fraud
https://www.wnyc.org,5000,0,safe
https://www.navy.mil,5000,0,safe
http://steamcommunitv.com.ru,5000,0,fraud
http://invite-hype-squadevents.com,5000,0,fraud
https://www.zumper.com,5000,0,safe
https://www.kqed.org,5000,0,safe
https://couponcrazy-shopping.net,5000,0,fraud
http://diamondplay.ru,5000,0,fraud
http://hypesquad-join.ga,5000,0,fraud
https://www.jetblue.com,5000,0,safe
https://www.occ.gov,5000,0,safe
https://www.wgbh.org,5000,0,safe
https://limitedtimebonus.net,5000,0,fraud
https://www.ft.com,5000,0,safe
https://www.notredame.edu,5000,0,safe
https://www.tsa.gov,5000,0,safe
https://www.startribune.com,5000,0,safe
https://www.rice.edu,5000,0,safe
http://stem-community.online,5000,0,fraud
https://www.tcu.edu,5000,0,safe
https://www.offensive-security.com,5000,0,safe
http://staemcommunnilty.com,5000,0,fraud
https://fastdealclaim.net,5000,0,fraud
https://www.wisc.edu,5000,0,safe
https://tripadvisor.com,5000,0,fraud
hxxps://express-paymentunlock.net,5000,0,fraud
https://www.parallels.com,5000,0,safe
https://expressvalidorder.com,5000,0,fraud
https://www.checkpoint.com,5000,0,safe
https://expresswalletgrant.net,5000,0,fraud
http://www.organizationcountmightmany.weebly.com/,5000,0,fraud
https://puma.com,5000,0,fraud
https://www.techradar.com,5000,0,safe
hxxps://chase-banking-updateportal.net,5000,0,fraud
https://www.guru.com,5000,0,safe
http://migration-selfchain.com,5000,0,fraud
https://newbuyerbenefits.net,5000,0,fraud
https://www.utoronto.ca,5000,0,safe
https://www.musc.edu,5000,0,safe
http://steamcommunity-com.website,5000,0,fraud
https://www.wikidata.org,5000,0,safe
https://www.dau.edu,5000,0,safe
https://www.fda.gov,5000,0,safe
https://shopissuewarning.com,5000,0,fraud
https://target.com,5000,0,fraud
https://www.etrade.com,5000,0,safe
https://claimwalletsecure.net,5000,0,fraud
https://www.princeton.edu,5000,0,safe
https://dealshop-billing.org,5000,0,fraud
https://www.deseret.com,5000,0,safe
https://www.julialang.org,5000,0,safe
https://www.splunk.com,5000,0,safe
http://cryptomsoft.net,5000,0,fraud
https://www.economist.com,5000,0,safe
https://www.sigir.org,5000,0,safe
http://discord-exam.com,5000,0,fraud
https://www.vuu.edu,5000,0,safe
https://www.internet-radio.com,5000,0,safe
https://www.sigaccess.org,5000,0,safe
https://www.acm.org/computer-symposia,5000,0,safe
http://fazegift.net,5000,0,fraud
http://www-dyno-gg.com,5000,0,fraud
https://www.purdue.edu,5000,0,safe
https://www.irs.gov,5000,0,safe
https://zoom.us,5000,0,fraud
https://paymentverifierz.net,5000,0,fraud
https://secureorderredeem.shop,5000,0,fraud
https://salesforce.com,5000,0,fraud
https://www.forests.org,5000,0,safe
https://www.marketwatch.com,5000,0,safe
https://www.army.mil,5000,0,safe
https://freepurchaseclaim.org,5000,0,fraud
https://www.open.edu,5000,0,safe
https://productdetailaccess.net,5000,0,fraud
http://network-layerzero.app,5000,0,fraud
https://www.ftc.gov,5000,0,safe
https://vipdiscountupdate.shop,5000,0,fraud
https://www.wired.com,5000,0,safe
https://cdc.gov,5000,0,fraud
https://www.uah.edu,5000,0,safe
https://illinois.edu,5000,0,fraud
https://www.pentoo.ch,5000,0,safe
https://www.brown.edu,5000,0,safe
https://www.petco.com,5000,0,safe
https://storepaymentverify.shop,5000,0,fraud
http://steamcommuntiny.ru,5000,0,fraud
http://steacommunity.site,5000,0,fraud
hxxps://cartissueclearance.net,5000,0,fraud
https://example.com,5000,0,fraud
https://www.nebraska.edu,5000,0,safe
https://www.wvu.edu,5000,0,safe
https://www.dribbble.com,5000,0,safe
https://www.engadget.com,5000,0,safe
https://walletstatusconfirm.shop,5000,0,fraud
https://www.sigart.org,5000,0,safe
https://www.signon.org,5000,0,safe
https://www.denverpost.com,5000,0,safe
https://clearancewallet.net,5000,0,fraud
https://shopwalletverify.net,5000,0,fraud
https://www.acm.org/machine-learning,5000,0,safe
https://www.fhwa.dot.gov,5000,0,safe
https://www.time.com,5000,0,safe
https://www.asu.edu,5000,0,safe
https://www.xml.org,5000,0,safe
https://premiumshopping-deals.shop,5000,0,fraud
http://mycoinwalletsupport.com,5000,0,fraud
https://www.dea.gov,5000,0,safe
https://www.wwbw.com,5000,0,safe
https://www.cboe.com,5000,0,safe
https://www.fivethirtyeight.com,5000,0,safe
https://www.sigsoft.org,5000,0,safe
https://www.udacity.com,5000,0,safe
https://www.cmu.edu,5000,0,safe
https://www.futurelearn.com,5000,0,safe
http://steaimcoumunnity.com,5000,0,fraud
https://www.onlynaturalpet.com,5000,0,safe
https://www.jsonline.com,5000,0,safe
https://www.ustreasury.gov,5000,0,safe
https://www.payoneer.com,5000,0,safe
https://www.state.gov,5000,0,safe
https://www.dart.dev,5000,0,safe
https://vpn-accessconfirm.net,5000,0,fraud
https://www.globalpayments.com,5000,0,safe
https://www.acm.org/terms,5000,0,safe
https://www.mlive.com,5000,0,safe
https://www.cbtnuggets.com,5000,0,safe
https://www.oapen.org,5000,0,safe
https://www.ucla.edu,5000,0,safe
https://www.acm.org/copyright,5000,0,safe
https://www.sigvisual.org,5000,0,safe
hxxps://secure-marketdealspromo.shop,5000,0,fraud
http://netflix-reactivate-billing.com,5000,0,fraud
https://www.sigapp.org,5000,0,safe
https://www.brevard.edu,5000,0,safe
https://www.nature.com,5000,0,safe
https://www.reuters.com,5000,0,safe
https://www.jhu.edu,5000,0,safe
http://suspicious-shop.xyz,5000,0,fraud
https://www.fastly.com,5000,0,safe
https://www.4-h.org,5000,0,safe
http://free-nitrloos.ru,5000,0,fraud
https://www.ocregister.com,5000,0,safe
https://www.childrenshospital.org,5000,0,safe
https://www.pluralsight.com,5000,0,safe
https://www.sigbed.org,5000,0,safe
https://www.ally.com,5000,0,safe
https://uscis.gov,5000,0,fraud
https://www.uabmedicine.org,5000,0,safe
https://surveyfreevoucher.net,5000,0,fraud
https://www.namecheap.com,5000,0,safe
https://productwalletupdate.net,5000,0,fraud
https://www.alaska.edu,5000,0,safe
https://www.ice.gov,5000,0,safe
http://steamcomunnilty.ru,5000,0,fraud
https://shopbillreact.net,5000,0,fraud
https://www.rebekahs.org,5000,0,safe
https://www.crutchfield.com,5000,0,safe
https://www.trove.nla.gov.au,5000,0,safe
https://instantdealsshop.store,5000,0,fraud
https://www.bluehost.com,5000,0,safe
https://www.typepad.com,5000,0,safe
https://www.substack.com,5000,0,safe
https://www.sigite.org,5000,0,safe
https://www.uidaho.edu,5000,0,safe
https://savercoupononline.shop,5000,0,fraud
https://www.thumbtack.com,5000,0,safe
https://www.chron.com,5000,0,safe
hxxps://amazontrack-orderverify.net,5000,0,fraud
https://education.gov,5000,0,fraud
https://www.coppin.edu,5000,0,safe
hxxps://icloud-verifyaccesslogin.net,5000,0,fraud
http://discord-christmasnitro.xyz,5000,0,fraud
http://bankamerica-secure-alerts.com,5000,0,fraud
https://securestorepromocode.shop,5000,0,fraud
https://www.worldpay.com,5000,0,safe
https://www.fda.gov,5000,0,safe
https://www.itu.int,5000,0,safe
https://www.ymca.net,5000,0,safe
https://www.wag.com,5000,0,safe
https://supports-rectification.vercel.app/,5000,0,fraud
https://www.urban.org,5000,0,safe
https://www.gizmodo.com.au,5000,0,safe
https://www.fsf.org,5000,0,safe
https://www.comodo.com,5000,0,safe
https://www.simple.com,5000,0,safe
https://www.sierratradingpost.com,5000,0,safe
https://www.eset.com,5000,0,safe
https://www.salvationarmy.org,5000,0,safe
http://verify-chat-bot.ru,5000,0,fraud
https://www.habitat.org,5000,0,safe
https://clearancesalehub.shop,5000,0,fraud
https://bonuswalletfix.net,5000,0,fraud
https://exclusive-dealsalert.org,5000,0,fraud
https://airline-milesbonus.org,5000,0,fraud
https://www.alaskaair.com,5000,0,safe
https://www.uscis.gov,5000,0,safe
http://csgostesh.com,5000,0,fraud
https://myproductredeem.com,5000,0,fraud
https://reactivate-myorder.net,5000,0,fraud
https://ecom-walletfix.org,5000,0,fraud
https://www.ama-assn.org,5000,0,safe
https://www.hsc.edu,5000,0,safe
https://www.googlepay.com,5000,0,safe
https://flashmall-official.shop,5000,0,fraud
http://amazon-claimreward-today.net,5000,0,fraud
https://discover.com,5000,0,fraud
https://www.bop.gov,5000,0,safe
https://www.robinhood.com,5000,0,safe
http://csgocyberforum.tk,5000,0,fraud
https://www.ucf.edu,5000,0,safe
https://www.saks-off-5th.com,5000,0,safe
https://superstorepriority.shop,5000,0,fraud
http://steamcommunityl.ru,5000,0,fraud
https://www.schwab.com,5000,0,safe
http://steamcommymitu.com,5000,0,fraud
http://teslabonus23.live,5000,0,fraud
https://www.siteground.com,5000,0,safe
https://www.acm.org/computer-programs,5000,0,safe
https://www.ucla.edu,5000,0,safe
https://www.boysandgirlsclubs.org,5000,0,safe
https://www.thinkorswim.com,5000,0,safe
https://secureproductpay.shop,5000,0,fraud
https://bestshoppingfix.com,5000,0,fraud
https://www.cam.ac.uk,5000,0,safe
https://www.gatech.edu,5000,0,safe
https://www.esi.org,5000,0,safe
https://www.nyse.com,5000,0,safe
https://readycheckoutalert.net,5000,0,fraud
https://www.wfu.edu,5000,0,safe
https://www.uidaho.edu,5000,0,safe
https://www.feedingamerica.org,5000,0,safe
http://stecmcommmuunity.com,5000,0,fraud
https://exclusive-winpurchase.shop,5000,0,fraud
https://smartmartloyalty.net,5000,0,fraud
https://ecart-secureverify.net,5000,0,fraud
https://orderblockfix.net,5000,0,fraud
http://steamcommunituiy.com,5000,0,fraud
https://www.priceline.com,5000,0,safe
https://www.siglog.org,5000,0,safe
https://trendorderpayment.net,5000,0,fraud
https://www.theverge.com,5000,0,safe
https://www.inova.org,5000,0,safe
https://federalcreditsecure.org,5000,0,fraud
https://www.mdanderson.org,5000,0,safe
https://www.byu.edu,5000,0,safe
http://game58070112.asia,5000,0,fraud
https://booking.com,5000,0,fraud
https://mallcart-resolve.com,5000,0,fraud
https://www.akamai.com,5000,0,safe
https://google.com,5000,0,fraud
https://bestbuy.com,5000,0,fraud
https://reactivatepurchase.online,5000,0,fraud
https://www.hot-topic.com,5000,0,safe
https://payupdate-required.com,5000,0,fraud
https://www.petsmart.com,5000,0,safe
hxxps://ups-packageverification.net,5000,0,fraud
https://www.emu.edu,5000,0,safe
https://www.washington.edu,5000,0,safe
https://www.crossref.org,5000,0,safe
https://www.ncua.gov,5000,0,safe
https://www.toml.io,5000,0,safe
https://www.n26.com,5000,0,safe
https://www.barton.edu,5000,0,safe
https://rewardpointredeem.shop,5000,0,fraud
https://secure-checkoutmart.shop,5000,0,fraud
https://bigticketcheckout.com,5000,0,fraud
https://senate.gov,5000,0,fraud
https://www.idahostatesman.com,5000,0,safe
https://www.squareup.com,5000,0,safe
https://www.qobuz.com,5000,0,safe
https://www.sigwom.org,5000,0,safe
https://www.dukehealth.org,5000,0,safe
http://secure-appleid-login.net,5000,0,fraud
hxxps://loginrestore-fastpanel.com,5000,0,fraud
https://www.gutenberg.org,5000,0,safe
https://tiktok.com,5000,0,fraud
http://role-ownership.com,5000,0,fraud
https://www.utexas.edu,5000,0,safe
https://amazon.com,5000,0,fraud
http://pubgbattlegrounds-no0097.asia,5000,0,fraud
https://www.elks.org,5000,0,safe
https://www.americanpublicmedia.org,5000,0,safe
https://binance.com,5000,0,fraud
https://smartbillingreview.net,5000,0,fraud
http://join-hypeteams.ga,5000,0,fraud
hxxps://socialsecurity-claimverify.us,5000,0,fraud
https://www.yale.edu,5000,0,safe
https://privateofferunlock.shop,5000,0,fraud
https://bloomberg.com,5000,0,fraud
https://www.artstation.com,5000,0,safe
https://imdb.com,5000,0,fraud
https://www.burlington.com,5000,0,safe
https://www.northwell.edu,5000,0,safe
https://www.napster.com,5000,0,safe
https://www.kpbs.org,5000,0,safe
https://psu.edu,5000,0,fraud
hxxps://onlinestore-billingfix.com,5000,0,fraud
https://forbes.com,5000,0,fraud
https://checkoutorderalert.net,5000,0,fraud
https://www.sigir.org,5000,0,safe
https://e-jabo.rw/sdis/images/dkb_2025/login.php/,5000,0,fraud
https://www.umuc.edu,5000,0,safe
hxxps://amz-official-promo-check.shop,5000,0,fraud
http://discsord.com,5000,0,fraud
https://www.marriott.com,5000,0,safe
https://www.natgeo.com,5000,0,safe
http://facebook-copyrightsupportcase.com,5000,0,fraud
https://www.theguardian.com,5000,0,safe
https://claimmydeal.shop,5000,0,fraud
https://www.acm.org/inclusion,5000,0,safe
https://www.system76.com,5000,0,safe
https://www.cylance.com,5000,0,safe
https://www.gnome.org,5000,0,safe
https://www.fcc.gov,5000,0,safe
hxxps://royalmail-parcelconfirm.info,5000,0,fraud
http://sleamcoommnunlty.com,5000,0,fraud
https://paymentreviewportal.net,5000,0,fraud
https://www.gallup.com,5000,0,safe
http://disocrde.gift,5000,0,fraud
https://www.bbb.org,5000,0,safe
https://columbia.edu,5000,0,fraud
https://www.appstate.edu,5000,0,safe
https://www.coldwellbanker.com,5000,0,safe
https://www.carbonblack.com,5000,0,safe
https://www.uchealth.org,5000,0,safe
https://www.ksl.com,5000,0,safe
https://storewalletlogin.net,5000,0,fraud
https://fedex-secureshipment.net,5000,0,fraud
https://www.navy.mil,5000,0,safe
https://twitter.com,5000,0,fraud
https://ebay.com,5000,0,fraud
https://www.wework.com,5000,0,safe
https://house.gov,5000,0,fraud
https://cartblockresolve.net,5000,0,fraud
https://smartcartapproval.shop,5000,0,fraud
https://www.last.fm,5000,0,safe
https://www.acm.org/volunteering,5000,0,safe
https://bankofamerica.com,5000,0,fraud
https://www.99designs.com,5000,0,safe
http://stfeamcommnumnlry.com,5000,0,fraud
https://www.acm.org/computer-courses,5000,0,safe
https://quickcouponfinder.store,5000,0,fraud
https://www.budget.com,5000,0,safe
https://cartandpayconfirm.shop,5000,0,fraud
https://www.aws.amazon.com,5000,0,safe
https://www.usouthal.edu,5000,0,safe
https://www.heartlandpayments.com,5000,0,safe
https://www.iso.org,5000,0,safe
https://chase.com,5000,0,fraud
https://www.queens.edu,5000,0,safe
hxxps://orderverificationdesk.info,5000,0,fraud
https://dealpaymentrestore.com,5000,0,fraud
https://www.pop-os.org,5000,0,safe
https://www.upenn.edu,5000,0,safe
https://www.sigsim.org,5000,0,safe
https://www.uf.edu,5000,0,safe
https://www.heritage.org,5000,0,safe
https://smartcartwarning.com,5000,0,fraud
https://umich.edu,5000,0,fraud
https://www.sigcpp.org,5000,0,safe
hxxps://giftbenefitclaimpanel.net,5000,0,fraud
https://www.techmeme.com,5000,0,safe
https://www.sigmod.org,5000,0,safe
http://unievent.plus,5000,0,fraud
https://www.sigplan.org,5000,0,safe
https://www.ietf.org,5000,0,safe
http://instagram-verifybluebadge.net,5000,0,fraud
https://www.di.fm,5000,0,safe
https://www.pri.org,5000,0,safe
https://www.ssllabs.com,5000,0,safe
https://www.krebsonsecurity.com,5000,0,safe
https://specialdiscountwallet.net,5000,0,fraud
https://globalmega-shopping.store,5000,0,fraud
https://www.zellepay.com,5000,0,safe
https://www.troyhunt.com,5000,0,safe
http://captcha-bot-verify.ru,5000,0,fraud
https://www.epa.gov,5000,0,safe
https://icloud-restorelogin.info,5000,0,fraud
http://zellepaymenthelpdesk.net,5000,0,fraud
https://www.boisestate.edu,5000,0,safe
https://www.waze.com,5000,0,safe
https://spotify.com,5000,0,fraud
https://utexas.edu,5000,0,fraud
https://mallcartbilling.shop,5000,0,fraud
https://www.osu.edu,5000,0,safe
https://www.illinois.edu,5000,0,safe
https://www.sigchip.org,5000,0,safe
https://redeemcartpoints.shop,5000,0,fraud
https://www.avvo.com,5000,0,safe
https://safeaccessordering.net,5000,0,fraud
http://apk-robiox.com,5000,0,fraud
https://www.sltrib.com,5000,0,safe
https://productwalletactivation.shop,5000,0,fraud
https://www.acm.org/computer-journals,5000,0,safe
https://www.exploit-db.com,5000,0,safe
https://bigpricedeal.store,5000,0,fraud
https://www.rossstores.com,5000,0,safe
https://www.hotels.com,5000,0,safe
https://info-hthsport.com/jp/jgdobdnbd/79,5000,0,fraud
https://www.yaml.org,5000,0,safe
https://www.cofc.edu,5000,0,safe
https://www.acm.org/computer-systems,5000,0,safe
https://onlinesalesverify.store,5000,0,fraud
https://www.cloud.google.com,5000,0,safe
https://facebook.com,5000,0,fraud
https://shoppersmanagement.shop,5000,0,fraud
https://www.anandtech.com,5000,0,safe
https://hp.com,5000,0,fraud
https://www.ncsu.edu,5000,0,safe
https://orderverificationhub.shop,5000,0,fraud
https://www.ziprecruiter.com,5000,0,safe
https://www.sigcse.org,5000,0,safe
https://www.americanredcross.org,5000,0,safe
https://sphere-coreless-phase.com/,5000,0,fraud
http://stearncommiunity.co,5000,0,fraud
https://www.thenewstribune.com,5000,0,safe
https://storealertcenter.shop,5000,0,fraud
https://www.sigweb.org,5000,0,safe
https://www.ubalt.edu,5000,0,safe
https://www.hathitrust.org,5000,0,safe
https://www.acm.org/awards,5000,0,safe
http://premium-gives.com,5000,0,fraud
https://www.revolut.com,5000,0,safe
https://www.kexp.org,5000,0,safe
https://www.uclahealth.org,5000,0,safe
http://steanmcommunity.co,5000,0,fraud
hxxps://fedex-shippingconfirm-alert.com,5000,0,fraud
https://www.va.gov,5000,0,safe
https://www.ecma-international.org,5000,0,safe
https://ecomrebateclaim.net,5000,0,fraud
https://www.scala-lang.org,5000,0,safe
https://www.radford.edu,5000,0,safe
https://www.toptal.com,5000,0,safe
https://buyalertconfirm.net,5000,0,fraud
https://yahoo.com,5000,0,fraud
https://www.acm.org/research,5000,0,safe
https://www.vultr.com,5000,0,safe
http://hypesquad-applying.com,5000,0,fraud
https://www.mountsinai.org,5000,0,safe
http://galxe.fans,5000,0,fraud
http://stearncomrnurity.ru,5000,0,fraud
http://token-connect.com,5000,0,fraud
https://www.wakeforest.edu,5000,0,safe
https://www.fiserv.com,5000,0,safe
http://steamcommunitypiv.top,5000,0,fraud
hxxps://instagram-idverifyportal.com,5000,0,fraud
http://wastrex.com,5000,0,fraud
https://adidas.com,5000,0,fraud
http://steancomnunnity.com,5000,0,fraud
https://www.ruby-lang.org,5000,0,safe
https://www.shopdisney.com,5000,0,safe
https://www.ku.edu,5000,0,safe
https://www.utsouthwestern.edu,5000,0,safe
https://orderunblockrequest.net,5000,0,fraud
https://www.hilton.com,5000,0,safe
http://www.securechaseportal.help/,5000,0,fraud
http://aveforge.com,5000,0,fraud
https://www.uth.edu,5000,0,safe
https://www.amtrak.com,5000,0,safe
http://claim-hypesquad.ga,5000,0,fraud
https://www.signetrics.org,5000,0,safe
https://www.arizona.edu,5000,0,safe
https://voucherclaimmall.shop,5000,0,fraud
http://steamcomunmuttliy.com,5000,0,fraud
https://www.tanium.com,5000,0,safe
https://www.2checkout.com,5000,0,safe
https://test.com,5000,0,fraud
https://www.msstate.edu,5000,0,safe
https://www.acm.org/computer-law,5000,0,safe
http://binancewallet-support.net,5000,0,fraud
https://www.adorama.com,5000,0,safe
http://paypal-updatecenter.com,5000,0,fraud
https://www.mcgill.ca,5000,0,safe
https://fixcheckingalert.net,5000,0,fraud
https://adobe.com,5000,0,fraud
https://www.acm.org/computer-ethics,5000,0,safe
hxxps://medicare-benefitverify.com,5000,0,fraud
https://www.exabeam.com,5000,0,safe
http://dynoapp.pro,5000,0,fraud
https://www.toastmasters.org,5000,0,safe
https://www.inforum.com,5000,0,safe
https://www.wbez.org,5000,0,safe
https://www.guilford.edu,5000,0,safe
https://www.usna.edu,5000,0,safe
https://www.stltoday.com,5000,0,safe
https://quickdiscountwinner.shop,5000,0,fraud
https://limitedreserveorder.net,5000,0,fraud
https://www.usc.edu,5000,0,safe
https://www.catawba.edu,5000,0,safe
https://www.oregonstate.edu,5000,0,safe
https://shoppingbalancecheck.net,5000,0,fraud
https://www.sigmis.org,5000,0,safe
https://www.gsu.edu,5000,0,safe
https://walletunstuck.shop,5000,0,fraud
http://posthelprn.com,5000,0,fraud
https://www.worldcat.org,5000,0,safe
http://steamccomynitty.net.ru,5000,0,fraud
https://github.com,5000,0,fraud
https://www.legalzoom.com,5000,0,safe
https://www.tunein.com,5000,0,safe
https://quickmallvoucher.shop,5000,0,fraud
https://www.acm.org/about,5000,0,safe
https://www.finra.org,5000,0,safe
https://www.booking.com,5000,0,safe
https://citi.com,5000,0,fraud
https://www.consumerreports.org,5000,0,safe
https://www.jango.com,5000,0,safe
hxxps://user-accountcertifypanel.com,5000,0,fraud
https://balanceshopping.store,5000,0,fraud
https://prioritymallstore.net,5000,0,fraud
https://www.webroot.com,5000,0,safe
https://python.org,5000,0,fraud
http://sreamcomnunlty.ru,5000,0,fraud
https://www.sigsoft.org,5000,0,safe
https://www.tennessee.edu,5000,0,safe
https://www.taskrabbit.com,5000,0,safe
https://payportalorder.net,5000,0,fraud
https://www.unc.edu,5000,0,safe
https://ads-wolldd.icu/,5000,0,fraud
http://web3adrp.org,5000,0,fraud
https://orderrebateauthorize.shop,5000,0,fraud
https://www.nsu.edu,5000,0,safe
https://harvard.edu,5000,0,fraud
https://www.nsf.gov,5000,0,safe
https://promowinsale.shop,5000,0,fraud
http://steamcommnnunlty.ru,5000,0,fraud
https://phanton-wallet.fi-v2.to/en,5000,0,fraud
https://www.ung.edu,5000,0,safe
https://accountpurchase-auth.net,5000,0,fraud
https://www.npmjs.com,5000,0,safe
https://www.wnyc.org,5000,0,safe
https://www.acm.org/blockchain,5000,0,safe
http://steamcornnunity.online,5000,0,fraud
https://securedealcheckout.shop,5000,0,fraud
https://www.perl.org,5000,0,safe
https://capitalone.com,5000,0,fraud
https://www.mayoclinic.org,5000,0,safe
http://csgodrops.net,5000,0,fraud
https://www.ini.org,5000,0,safe
https://accountwalletclaim.net,5000,0,fraud
https://www.haveibeenpwned.com,5000,0,safe
https://www.fortinet.com,5000,0,safe
https://www.sweetwater.com,5000,0,safe
https://www.acm.org/computer-meetings,5000,0,safe
https://www.linuxfoundation.org,5000,0,safe
http://l-nitro.xyz,5000,0,fraud
https://www.sigmis.org,5000,0,safe
http://sreamcomnunlity.ru,5000,0,fraud
http://steamconmunlry.ru,5000,0,fraud
https://www.sigecom.org,5000,0,safe
https://www.acm.org/computer-music,5000,0,safe
https://www.cato.org,5000,0,safe
https://bestdeals-reactivate.net,5000,0,fraud
https://www.choicehotels.com,5000,0,safe
https://www.neimanmarcus-lastcall.com,5000,0,safe
http://staemcomnunlty.com,5000,0,fraud
https://www.jmu.edu,5000,0,safe
https://www.fool.com,5000,0,safe
https://www.armywarcollege.edu,5000,0,safe
https://msn.com,5000,0,fraud
https://www.silive.com,5000,0,safe
https://www.unc.edu,5000,0,safe
https://www.ffa.org,5000,0,safe
https://verifystorecredit.net,5000,0,fraud
https://www.sourceforge.net,5000,0,safe
https://ecart-billingdata.com,5000,0,fraud
https://www.sigkdd.org,5000,0,safe
https://www.politico.com,5000,0,safe
https://memberstoreaccess.net,5000,0,fraud
http://space-2022.org,5000,0,fraud
https://www.varomoney.com,5000,0,safe
https://paymentrestoresupport.shop,5000,0,fraud
https://www.linode.com,5000,0,safe
https://www.nwc.edu,5000,0,safe
http://m-ee6.net,5000,0,fraud
https://www.acm.org/careers,5000,0,safe
https://www.secunia.com,5000,0,safe
https://www.grandforksherald.com,5000,0,safe
http://discord-information-acc.ru,5000,0,fraud
hxxps://reward-pointsrecovery.store,5000,0,fraud
https://secure-offerslist.net,5000,0,fraud
https://www.rockradio.com,5000,0,safe
https://www.aha.org,5000,0,safe
https://amd.com,5000,0,fraud
https://www.spencers.com,5000,0,safe
http://robloxa.cfd,5000,0,fraud
https://memberstorepayment.shop,5000,0,fraud
https://paypal.com,5000,0,fraud
http://protegeacceso.hstn.me/,5000,0,fraud
https://www.sba.gov,5000,0,safe
https://www.marshals.gov,5000,0,safe
https://www.sigcse.org,5000,0,safe
https://walletcreditrequest.net,5000,0,fraud
https://www.musiciansfriend.com,5000,0,safe
https://cuponsluiza.online/,5000,0,fraud
https://www.ndsu.edu,5000,0,safe
https://itemdeliveryauthorize.com,5000,0,fraud
https://www.build-a-bear.com,5000,0,safe
https://www.uw.edu,5000,0,safe
https://www.transferwise.com,5000,0,safe
https://cartupdateportal.shop,5000,0,fraud
https://www.kentucky.com,5000,0,safe
https://www.siggraph.org,5000,0,safe
https://checkoutrestoreportal.com,5000,0,fraud
http://steomcommunity.xyz,5000,0,fraud
https://microsoft.com,5000,0,fraud
https://www.centredaily.com,5000,0,safe
https://www.sigkdd.org,5000,0,safe
https://nfl.com,5000,0,fraud
https://www.sigweb.org,5000,0,safe
https://marriott.com,5000,0,fraud
https://www.lionsclubs.org,5000,0,safe
https://www.acm.org/computer-careers,5000,0,safe
https://safeecom-shoppay.net,5000,0,fraud
https://www.garmin.com,5000,0,safe
https://www.mskcc.org,5000,0,safe
http://csgoxfloat.com,5000,0,fraud
https://www.mageia.org,5000,0,safe
https://www.kayak.com,5000,0,safe
https://www.ap.org,5000,0,safe
https://www.cloudflare.com,5000,0,safe
https://www.acm.org/technology,5000,0,safe
https://www.rapid7.com,5000,0,safe
https://www.sigplan.org,5000,0,safe
https://www.sigops.org,5000,0,safe
https://www.peopleperhour.com,5000,0,safe
https://apple.com,5000,0,fraud
https://gmail-protectportal.com,5000,0,fraud
https://www.sentinelone.com,5000,0,safe
https://www.zerodayinitiative.com,5000,0,safe
http://steampowerdwallet.com,5000,0,fraud
https://www.orcid.org,5000,0,safe
https://www.sophos.com,5000,0,safe
https://www.vevo.com,5000,0,safe
https://www.sigspatial.org,5000,0,safe
https://www.angieslist.com,5000,0,safe
https://www.bowie.edu,5000,0,safe
http://bitnexy.com,5000,0,fraud
https://quickpaymentverify.net,5000,0,fraud
https://www.uga.edu,5000,0,safe
https://mysaverorder.net,5000,0,fraud
https://www.na-u.edu,5000,0,safe
https://dailycartfix.shop,5000,0,fraud
https://orderclearanceclaim.net,5000,0,fraud
https://marketwatch.com,5000,0,fraud
https://walletcrypto-auth.info,5000,0,fraud
http://discord-egifts.shop,5000,0,fraud
https://www.acm.org/networking,5000,0,safe
https://www.hopkinsmedicine.org,5000,0,safe
https://www.archstrike.org,5000,0,safe
https://www.acm.org/computing,5000,0,safe
http://captchabot.live,5000,0,fraud
https://nytimes.com,5000,0,fraud
https://www.sighpc.org,5000,0,safe
http://stuamcommumnity.ru,5000,0,fraud
http://dyno-tool.herokuapp.com,5000,0,fraud
https://chaseupdate-security.info,5000,0,fraud
https://www.frostburg.edu,5000,0,safe
http://steamcommunityes.ru,5000,0,fraud
https://deliveryaccountcheck.shop,5000,0,fraud
https://shopexpress-auth.biz,5000,0,fraud
http://aptoslabs.live,5000,0,fraud
https://www.investopedia.com,5000,0,safe
https://www.sigsim.org,5000,0,safe
https://www.utah.edu,5000,0,safe
https://www.acm.org/computer-literacy,5000,0,safe
https://irs.gov,5000,0,fraud
https://www.vt.edu,5000,0,safe
https://www.vercel.com,5000,0,safe
http://applications-events.gq,5000,0,fraud
https://www.sigecom.org,5000,0,safe
https://www.mercurynews.com,5000,0,safe
https://www.stripe.com,5000,0,safe
https://limitedofferreact.shop,5000,0,fraud
https://www.acm.org/innovation,5000,0,safe
https://www.europeana.eu,5000,0,safe
https://www.sciencemag.org,5000,0,safe
https://www.gps.gov,5000,0,safe
https://www.jhu.edu,5000,0,safe
https://www.acm.org/computer-vision,5000,0,safe
https://www.sigurd.org,5000,0,safe
hxxps://appleid-authentic-secure.net,5000,0,fraud
https://www.virginia.edu,5000,0,safe
http://discord-get.com,5000,0,fraud
http://steamcommullty.ru,5000,0,fraud
https://www.csu.edu,5000,0,safe
https://www.authorize.net,5000,0,safe
https://www.nationalcar.com,5000,0,safe
https://hothuboffers.store,5000,0,fraud
http://usspic.top,5000,0,fraud
https://www.sun-sentinel.com,5000,0,safe
https://www.signon.org,5000,0,safe
https://www.letsencrypt.org,5000,0,safe
https://boa.com,5000,0,fraud
https://giftvoucherwin.shop,5000,0,fraud
http://discorcl.fun,5000,0,fraud
https://www.frontier.com,5000,0,safe
https://www.investing.com,5000,0,safe
https://www.acm.org/computer-aided-design,5000,0,safe
http://discord-freenitro.pro,5000,0,fraud
https://www.sigwrite.org,5000,0,safe
https://www.goodwill.org,5000,0,safe
https://www.faa.gov,5000,0,safe
https://www.unicef.org,5000,0,safe
https://www.rust-lang.org,5000,0,safe
https://paypal-account-verify.net,5000,0,fraud
https://shopexperthelp.net,5000,0,fraud
https://www.miami.edu,5000,0,safe
https://www.regent.edu,5000,0,safe
https://www.cornell.edu,5000,0,safe
https://www.acm.org/databases,5000,0,safe
https://giftcardcodeclaim.shop,5000,0,fraud
hxxps://accountlockrecoverypanel.net,5000,0,fraud
https://www.mit.edu,5000,0,safe
https://fastdealredeem.shop,5000,0,fraud
https://www.smcm.edu,5000,0,safe
https://www.edx.org,5000,0,safe
https://www.monzo.com,5000,0,safe
https://www.kiplinger.com,5000,0,safe
https://www.sigdoc.org,5000,0,safe
https://www.byu.edu,5000,0,safe
https://www.spirit.com,5000,0,safe
https://www.sigcosim.org,5000,0,safe
https://www.careerbuilder.com,5000,0,safe
https://www.northwestern.edu,5000,0,safe
https://www.vanguard.com,5000,0,safe
http://steamcommuintyev.asia,5000,0,fraud
https://duckduckgo.com,5000,0,fraud
https://supermarketupdateportal.net,5000,0,fraud
hxxps://nike-memberspromo.shop,5000,0,fraud
https://onlinebillingresolve.com,5000,0,fraud
http://apellogate.me,5000,0,fraud
https://www.doabooks.org,5000,0,safe
https://www.krakenw.vip/h5/,5000,0,fraud
https://www.azcentral.com,5000,0,safe
https://www.oregonlive.com,5000,0,safe
http://steamcomuunity.site,5000,0,fraud
https://wellsfargo.com,5000,0,fraud
http://update-banklogin.com,5000,0,fraud
https://securevipwallet.shop,5000,0,fraud
https://www.uscga.edu,5000,0,safe
http://secure-verifypayment.shop,5000,0,fraud
https://www.lse.ac.uk,5000,0,safe
http://form-moderator-event.com,5000,0,fraud
https://shopwinneralert.net,5000,0,fraud
https://www.radio.net,5000,0,safe
https://www.acm.org/jobs,5000,0,safe
https://www.catholiccharitiesusa.org,5000,0,safe
https://www.care.com,5000,0,safe
https://www.w3.org,5000,0,safe
https://www.sigchi.org,5000,0,safe
http://cs2invite.pro,5000,0,fraud
https://marketprioritypay.shop,5000,0,fraud
http://source-2.info,5000,0,fraud
https://www.vrbo.com,5000,0,safe
https://orderunblockportal.net,5000,0,fraud
https://www.unl.edu,5000,0,safe
https://www.seekingalpha.com,5000,0,safe
https://www.tripadvisor.com,5000,0,safe
http://gifthypixel.site,5000,0,fraud
https://www.al.com,5000,0,safe
https://www.pet-supplies.com,5000,0,safe
http://cs2th.com,5000,0,fraud
https://www.acm.org/computer-standards,5000,0,safe
https://www.usafa.edu,5000,0,safe
https://www.acm.org/publications,5000,0,safe
https://www.wfmu.org,5000,0,safe
https://www.usdoj.gov,5000,0,safe
https://intel.com,5000,0,fraud
https://www.payjunction.com,5000,0,safe
https://www.marines.com,5000,0,safe
https://www.opensource.org,5000,0,safe
https://www.json-ld.org,5000,0,safe
hxxps://dealershipwalletprotect.store,5000,0,fraud
https://securemobilecheckout.com,5000,0,fraud
http://siduspad-captchabot.com,5000,0,fraud
https://www.acm.org/computer-science,5000,0,safe
http://flearmadness.com,5000,0,fraud
https://www.fiverr.com,5000,0,safe
http://join-hypesquad-events-forms.com,5000,0,fraud
https://trusted-capitalbank.net,5000,0,fraud
https://www.energy.gov,5000,0,safe
https://www.interactivebrokers.com,5000,0,safe
https://amazondeal-alerts.shop,5000,0,fraud
https://lastminuteoffer.shop,5000,0,fraud
http://steamcomnumnlty.com,5000,0,fraud
https://www.syracuse.com,5000,0,safe
https://www.ufl.edu,5000,0,safe
https://www.tjmaxx.com,5000,0,safe
http://hype-invited.com,5000,0,fraud
https://usa.gov,5000,0,fraud
https://alert-cartissue.shop,5000,0,fraud
https://www.longwood.edu,5000,0,safe
https://www.federalreserve.gov,5000,0,safe
https://www.fema.gov,5000,0,safe
https://www.cybrary.it,5000,0,safe
https://www.acm.org/games,5000,0,safe
https://federalgrant-access.us,5000,0,fraud
hxxps://amazon-support-helpdesk.net,5000,0,fraud
https://www.morgan.edu,5000,0,safe
https://www.chewy.com,5000,0,safe
hxxps://shopping-surveyreward.store,5000,0,fraud
hxxps://safepayprotectionverify.org,5000,0,fraud
https://www.wired.co.uk,5000,0,safe
https://www.sigmobile.org,5000,0,safe
https://www.shopifypayments.com,5000,0,safe
https://www.discovery.com,5000,0,safe
https://www.century21.com,5000,0,safe
https://coupondataassist.store,5000,0,fraud
https://www.twincities.com,5000,0,safe
https://www.bugtraq.org,5000,0,safe
https://www.uchicago.edu,5000,0,safe
https://www.lees-mcrae.edu,5000,0,safe
https://www.theworld.org,5000,0,safe
https://securebuyersupport.net,5000,0,fraud
https://www.thinkgeek.com,5000,0,safe
https://www.monster.com,5000,0,safe
https://www.massgeneral.org,5000,0,safe
https://nbc.com,5000,0,fraud
https://www.acm.org/iot,5000,0,safe
https://www.whyy.org,5000,0,safe
https://www.cftc.gov,5000,0,safe
https://www.ghost.org,5000,0,safe
https://www.heraldnet.com,5000,0,safe
https://youtube.com,5000,0,fraud
http://stellseeriesnitros.com,5000,0,fraud
https://verifycartpurchase.net,5000,0,fraud
http://ghafapaost.top/,5000,0,fraud
https://www.azure.microsoft.com,5000,0,safe
https://www.vanderbilt.edu,5000,0,safe
https://www.braintreepayments.com,5000,0,safe
https://www.hostgator.com,5000,0,safe
https://www.spaceforce.mil,5000,0,safe
https://orderpaymentassist.com,5000,0,fraud
https://www.ror.org,5000,0,safe
https://reddit.com,5000,0,fraud
https://orderassistportal.net,5000,0,fraud
https://www.missouri.edu,5000,0,safe
http://stemacommunnity.com,5000,0,fraud
http://dicsord-qq.ru,5000,0,fraud
https://www.acm.org/software-engineering,5000,0,safe
https://www.wlu.edu,5000,0,safe
https://bestshopevents.shop,5000,0,fraud
https://www.oddfellows.org,5000,0,safe
https://www.guitarcenter.com,5000,0,safe
https://www.isni.org,5000,0,safe
https://www.acm.org/cybersecurity,5000,0,safe
https://www.tigerdirect.com,5000,0,safe
https://primediscount-mart.shop,5000,0,fraud
https://returnwarninghub.store,5000,0,fraud
https://www.shrinershospitals.org,5000,0,safe
https://www.unr.edu,5000,0,safe
https://www.sigbio.org,5000,0,safe
https://whitehouse.gov,5000,0,fraud
https://www.gizmodo.com,5000,0,safe
https://www.unchealth.org,5000,0,safe
https://www.baylor.edu,5000,0,safe
https://www.iheart.com,5000,0,safe
https://www.wisc.edu,5000,0,safe
https://www.nccu.edu,5000,0,safe
https://www.tomshardware.com,5000,0,safe
https://www.bbc.com,5000,0,safe
https://www.cdc.gov,5000,0,safe
http://steamncommunitly.ru,5000,0,fraud
http://steamcommunihty.ru,5000,0,fraud
https://www.davidson.edu,5000,0,safe
https://www.techcrunch.com,5000,0,safe
https://www.qualys.com,5000,0,safe
http://heroic-unicorn-5aa55d.netlify.app,5000,0,fraud
https://www.sigmobile.org,5000,0,safe
https://electronicsales-hub.net,5000,0,fraud
https://www.manchester.ac.uk,5000,0,safe
https://www.pfeiffer.edu,5000,0,safe
https://shoppingsecurityverify.com,5000,0,fraud
https://nyu.edu,5000,0,fraud
https://ordertrackwarning.net,5000,0,fraud
https://specialcheckoutaction.org,5000,0,fraud
http://server-access.org,5000,0,fraud
https://loyaltybonusclaim.shop,5000,0,fraud
https://www.csv.org,5000,0,safe
https://www.deviantart.com,5000,0,safe
https://www.acm.org/computer-graphics,5000,0,safe
https://www.sigada.org,5000,0,safe
https://www.zacks.com,5000,0,safe
https://gadgetbonusclaim.shop,5000,0,fraud
https://netflix.com,5000,0,fraud
hxxps://university-loginhelpdesk.org,5000,0,fraud
https://www.rice.edu,5000,0,safe
https://www.berkeley.edu,5000,0,safe
https://paymentrestarthub.net,5000,0,fraud
https://www.vmi.edu,5000,0,safe
http://dliscord-gg.com,5000,0,fraud
https://www.ttu.edu,5000,0,safe
https://www.aclu.org,5000,0,safe
https://www.sigevo.org,5000,0,safe
https://www.nj.com,5000,0,safe
https://homedepot.com,5000,0,fraud
https://www.oercommons.org,5000,0,safe
http://fakeoffer-walmart-luckyday.com,5000,0,fraud
https://www.smu.edu,5000,0,safe
http://pancakeswap-server.com,5000,0,fraud
https://www.firstdata.com,5000,0,safe
https://prime-shoppers-hub.shop,5000,0,fraud
https://www.metacafe.com,5000,0,safe
https://www.ihg.com,5000,0,safe
https://www.linuxacademy.com,5000,0,safe
https://dealaccessunlock.com,5000,0,fraud
https://cocorost-556.jp/in/GlobalSources/,5000,0,fraud
https://www.zzounds.com,5000,0,safe
https://www.orbitz.com,5000,0,safe
https://www.scientificamerican.com,5000,0,safe
https://www.parrotsec.org,5000,0,safe
https://www.acm.org/professional-development,5000,0,safe
https://www.hasbro.com,5000,0,safe
https://www.unlv.edu,5000,0,safe
https://www.illinois.edu,5000,0,safe
https://www.acm.org/chapters,5000,0,safe
https://www.fireeye.com,5000,0,safe
https://www.betterment.com,5000,0,safe
https://www.gmu.edu,5000,0,safe
https://www.acm.org/computer-magazines,5000,0,safe
https://dealrefundaccess.shop,5000,0,fraud
https://weird-payment.net,5000,0,fraud
https://www.freep.com,5000,0,safe
https://www.acm.org/mobile,5000,0,safe
https://www.hollins.edu,5000,0,safe
https://www.vimeo.com,5000,0,safe
https://www.emory.edu,5000,0,safe
https://www.acm.org/web,5000,0,safe
https://www.acm.org/computer-networks,5000,0,safe
https://www.newsweek.com,5000,0,safe
https://www.arizona.edu,5000,0,safe
https://www.medium.com,5000,0,safe
http://syncswap-fnd.xyz,5000,0,fraud
https://www.acm.org/trademarks,5000,0,safe
https://www.thehill.com,5000,0,safe
https://www.highpoint.edu,5000,0,safe
https://www.smule.com,5000,0,safe
https://ssa.gov,5000,0,fraud
https://www.verifone.com,5000,0,safe
https://www.ucl.ac.uk,5000,0,safe
https://www.usf.edu,5000,0,safe
https://www.loopnet.com,5000,0,safe
https://www.npr.org,5000,0,safe
https://visa.com,5000,0,fraud
https://www.pennlive.com,5000,0,safe
https://www.behance.net,5000,0,safe
https://www.rapidcityjournal.com,5000,0,safe
https://www.history.com,5000,0,safe
hxxps://emailaccountfixpanel.org,5000,0,fraud
https://www.sofi.com,5000,0,safe
https://www.stanford.edu,5000,0,safe
https://couponsupportz.store,5000,0,fraud
https://www.lua.org,5000,0,safe
https://www.nyulangone.org,5000,0,safe
https://www.americanmusical.com,5000,0,safe
https://e-earthshoppingstore.net,5000,0,fraud
https://www.logrhythm.com,5000,0,safe
hxxps://walletrefund-updateportal.net,5000,0,fraud
https://www.sigcapture.org,5000,0,safe
http://usps-delivery-failed-alert.com,5000,0,fraud
https://shoppereligibility.net,5000,0,fraud
https://www.healthcare.gov,5000,0,safe
https://cloudflare.com,5000,0,fraud
https://www.salisbury.edu,5000,0,safe
https://securebuyprompt.net,5000,0,fraud
https://www.jazzradio.com,5000,0,safe
https://www.dot.gov,5000,0,safe
http://claimgifts.shop,5000,0,fraud
https://storegiftgrant.shop,5000,0,fraud
https://www.ecsu.edu,5000,0,safe
https://www.usgs.gov,5000,0,safe
https://www.securityfocus.com,5000,0,safe
https://www.dailymotion.com,5000,0,safe
https://www.radioparadise.com,5000,0,safe
http://kavafore.vip,5000,0,fraud
https://www.classicalradio.com,5000,0,safe
http://discorclgifts.store,5000,0,fraud
https://www.paypal.com,5000,0,safe
https://www.sec.gov,5000,0,safe
https://www.toysrus.com,5000,0,safe
https://www.acm.org/privacy,5000,0,safe
https://www.acm.org/hci,5000,0,safe
https://trendyshoppingpro.net,5000,0,fraud
https://www.score.org,5000,0,safe
https://nike.com,5000,0,fraud
https://www.digitalocean.com,5000,0,safe
https://www.ufl.edu,5000,0,safe
https://www.kali.org,5000,0,safe
http://martica.ink,5000,0,fraud
http://hype-discord.com,5000,0,fraud
https://www.webull.com,5000,0,safe
https://www.wingate.edu,5000,0,safe
http://cs-2.tech,5000,0,fraud
https://www.mbc.edu,5000,0,safe
https://www.ieee.org,5000,0,safe
https://www.uab.edu,5000,0,safe
https://www.acm.org/computer-security,5000,0,safe
https://www.opensuse.org,5000,0,safe
https://www.ingenico.com,5000,0,safe
https://www.acm.org/ethics,5000,0,safe
https://www.aei.org,5000,0,safe
https://www.cleveland.com,5000,0,safe
https://mastercard.us,5000,0,fraud
hxxps://creditcardpaymentresolve.net,5000,0,fraud
https://www.defense.gov,5000,0,safe
https://www.alison.com,5000,0,safe
https://en-ledger-live-login.blogspot.com/?m=1,5000,0,fraud
https://www.ninjatrader.com,5000,0,safe
https://hotmarketalert.store,5000,0,fraud
https://www.asu.edu,5000,0,safe
http://steamcommmuntiy.ru,5000,0,fraud
https://fbi.gov,5000,0,fraud
https://www.noaa.gov,5000,0,safe
https://amazonexpressdelivery.org,5000,0,fraud
https://www.grange.org,5000,0,safe
https://www.tamu.edu,5000,0,safe
https://www.c-span.org,5000,0,safe
https://www.smithsonianmag.com,5000,0,safe
https://www.lifehacker.com,5000,0,safe
https://securestorevoucher.shop,5000,0,fraud
https://verifiedbillinginfo.net,5000,0,fraud
https://toyota.com,5000,0,fraud
https://www.brown.edu,5000,0,safe
http://steamconmnunity.site,5000,0,fraud
https://www.nps.edu,5000,0,safe
https://www.fastcompany.com,5000,0,safe
http://stemcommutiny.store,5000,0,fraud
https://www.yahoofinance.com,5000,0,safe
https://www.yelp.com,5000,0,safe
https://university-accessverify.net,5000,0,fraud
https://reuters.com,5000,0,fraud
https://www.sighit.org,5000,0,safe
https://www.ohsu.edu,5000,0,safe
https://shopsmartsecurepay.com,5000,0,fraud
https://www.acm.org/computer-certifications,5000,0,safe
https://www.dallasnews.com,5000,0,safe
https://onlinestoreassure.net,5000,0,fraud
http://discordsteamr.com,5000,0,fraud
https://www.plesk.com,5000,0,safe
https://fixcartworkflow.shop,5000,0,fraud
https://www.acm.org/accessibility,5000,0,safe
http://sapeclub.click,5000,0,fraud
https://www.mashable.com,5000,0,safe
https://huffpost.com,5000,0,fraud
https://www.entrepreneur.com,5000,0,safe
https://www.auburn.edu,5000,0,safe
https://bbc.com,5000,0,fraud
https://www.army.mil,5000,0,safe
https://cartdataresolve.store,5000,0,fraud
https://www.cornell.edu,5000,0,safe
https://www.medicare.gov,5000,0,safe
https://www.roberthalf.com,5000,0,safe
https://www.emsisoft.com,5000,0,safe
https://www.dp.la,5000,0,safe
https://dealprotectwallet.shop,5000,0,fraud
https://www.gentoo.org,5000,0,safe
https://www.archlinux.org,5000,0,safe
https://www.cpanel.net,5000,0,safe
http://steaumcoumnmunlty.ru,5000,0,fraud
https://www.sdstate.edu,5000,0,safe
https://www.fidelity.com,5000,0,safe
https://vipcartresolve.net,5000,0,fraud
https://www.500px.com,5000,0,safe
https://www.pandora.com,5000,0,safe
https://www.apartments.com,5000,0,safe
https://mit.edu,5000,0,fraud
https://www.acm.org/computer-classes,5000,0,safe
https://www.southwest.com,5000,0,safe
https://www.duke.edu,5000,0,safe
https://www.bgca.org,5000,0,safe
http://www.live-accs-online-checking-verifying-problems.barqmech.com/,5000,0,fraud
https://slack.com,5000,0,fraud
https://www.cashapp.com,5000,0,safe
https://www.montana.edu,5000,0,safe
https://chasebank-authportal.com,5000,0,fraud
https://www.acm.org/conferences,5000,0,safe
hxxps://blackfridaypayportal.net,5000,0,fraud
https://costco.com,5000,0,fraud
https://www.acm.org/hpc,5000,0,safe
https://www.amnesty.org,5000,0,safe
https://www.greyhound.com,5000,0,safe
https://www.montreat.edu,5000,0,safe
https://couponvault-online.net,5000,0,fraud
https://www.wealthfront.com,5000,0,safe
https://billinglockfix.net,5000,0,fraud
http://sternncomnnutinny.ru,5000,0,fraud
https://www.afit.edu,5000,0,safe
http://steamcommuniitly.pp.ru,5000,0,fraud
https://www.towson.edu,5000,0,safe
https://www.chime.com,5000,0,safe
hxxps://paypal-updatecenter-security.net,5000,0,fraud
hxxps://adfreestreamingportal.com,5000,0,fraud
https://www.radio.garden,5000,0,safe
http://web3connect.stormkit.dev,5000,0,fraud
https://www.tripadvisor.com,5000,0,safe
hxxps://market-payreviewcenter.net,5000,0,fraud
https://www.sbc.edu,5000,0,safe
https://www.tidal.com,5000,0,safe
http://bitcoinminetrix.free.nf,5000,0,fraud
https://www.lr.edu,5000,0,safe
https://memberbenefitsecure.com,5000,0,fraud
http://uspsuxw.top,5000,0,fraud
https://www.wcu.edu,5000,0,safe
https://www.uni.edu,5000,0,safe
http://steamcomnunjty.com,5000,0,fraud
http://restore-cord-verify.xyz,5000,0,fraud
http://dynobot.dev,5000,0,fraud
https://giftreturncenter.net,5000,0,fraud
https://www.venmo.com,5000,0,safe
https://www.ox.ac.uk,5000,0,safe
https://www.majorgeeks.com,5000,0,safe
https://www.cybrary.it,5000,0,safe
https://www.buzzfeed.com,5000,0,safe
https://www.pandasecurity.com,5000,0,safe
http://apply-hypeevents.gq,5000,0,fraud
https://www.mooseinternational.org,5000,0,safe
https://www.dartmouth.edu,5000,0,safe
https://www.omaha.com,5000,0,safe
https://www.ecu.edu,5000,0,safe
https://www.microcenter.com,5000,0,safe
https://giftpromotionauth.net,5000,0,fraud
https://aa.com,5000,0,fraud
https://www.tsys.com,5000,0,safe
http://api-collabland-join.net,5000,0,fraud
https://ordertrackingverify.shop,5000,0,fraud
https://microsoft-verifypass.com,5000,0,fraud
https://mytracking-alerts.info,5000,0,fraud
https://www.merlot.org,5000,0,safe
https://www.lutheranservices.org,5000,0,safe
http://steamcommunityvl.top,5000,0,fraud
https://www.nordstromrack.com,5000,0,safe
https://www.thomann.de,5000,0,safe
https://www.wssu.edu,5000,0,safe
https://www.iec.ch,5000,0,safe
https://airbnb.com,5000,0,fraud
https://www.softpedia.com,5000,0,safe
https://www.samash.com,5000,0,safe
https://www.acm.org/computer-events,5000,0,safe
hxxps://subscriptionrefundrequest.net,5000,0,fraud
https://www.clemson.edu,5000,0,safe
https://www.su.edu,5000,0,safe
https://www.acm.org/cloud,5000,0,safe
https://www.utah.edu,5000,0,safe
https://www.uw.edu,5000,0,safe
https://instagram.com,5000,0,fraud
https://www.nasdaq.com,5000,0,safe
http://team-hypesquad-solicitacions.com,5000,0,fraud
https://www.tdameritrade.com,5000,0,safe
https://www.wbur.org,5000,0,safe
http://cashout-giftcards-free.net,5000,0,fraud
https://www.sigcomm.org,5000,0,safe
https://www.caltech.edu,5000,0,safe
https://www.umd.edu,5000,0,safe
https://www.northwestern.edu,5000,0,safe
https://www.lego.com,5000,0,safe
https://openai.com,5000,0,fraud
http://tkmall78.vip/,5000,0,fraud
https://www.livejournal.com,5000,0,safe
https://www.acm.org/graphics,5000,0,safe
https://www.cmegroup.com,5000,0,safe
https://www.odu.edu,5000,0,safe
http://steamcommuinuity.com,5000,0,fraud
https://dropbox.com,5000,0,fraud
https://accessmallwallet.shop,5000,0,fraud
https://www.wePay.com,5000,0,safe
https://www.digitalnz.org,5000,0,safe
https://www.acm.org/knowledge-discovery,5000,0,safe
https://www.columbia.edu,5000,0,safe
https://balancesecureverify.org,5000,0,fraud
https://giveawayshoppingredeem.net,5000,0,fraud
https://www.pewresearch.org,5000,0,safe
https://www.uva.edu,5000,0,safe
https://www.vox.com,5000,0,safe
https://tknowshop-03.top/,5000,0,fraud
https://authenticcheckout.net,5000,0,fraud
https://discountstatusnet.shop,5000,0,fraud
https://mallredeemportal.net,5000,0,fraud
https://www.smugmug.com,5000,0,safe
https://www.popularmechanics.com,5000,0,safe
https://cnn.com,5000,0,fraud
https://www.acm.org/computer-salaries,5000,0,safe
https://memberdealconfirm.net,5000,0,fraud
hxxps://realid-renewalcenter.us,5000,0,fraud
https://smartpurchaserestore.net,5000,0,fraud
https://nba.com,5000,0,fraud
https://www.unicode.org,5000,0,safe
https://www.umich.edu,5000,0,safe
https://www.nih.gov,5000,0,safe
https://tesla.com,5000,0,fraud
https://www.unr.edu,5000,0,safe
https://www.digitaltrends.com,5000,0,safe
http://cryptojobbers-cord.com,5000,0,fraud
http://steumcommunity-tradeoffer.ru,5000,0,fraud
https://www.inc.com,5000,0,safe
https://www.acm.org/computer-books,5000,0,safe
http://discrod-nitro-boost.xyz,5000,0,fraud
https://www.acm.org/policies,5000,0,safe
https://theguardian.com,5000,0,fraud
https://exclusivecouponpro.com,5000,0,fraud
https://smartrewardsactivate.net,5000,0,fraud
https://www.shazam.com,5000,0,safe
https://www.signetrics.org,5000,0,safe
https://www.acm.org/education,5000,0,safe
https://buyernotificationpanel.net,5000,0,fraud
https://www.darkreading.com,5000,0,safe
https://www.coastguard.com,5000,0,safe
https://www.marshalls.com,5000,0,safe
https://www.sky.fm,5000,0,safe
https://www.coastguard.com,5000,0,safe
https://www.airbnb.com,5000,0,safe
https://www.who.int,5000,0,safe
https://dell.com,5000,0,fraud
hxxps://giftpayserviceactivation.shop,5000,0,fraud
https://www.ccleaner.com,5000,0,safe
http://nitro-full.com,5000,0,fraud
http://discord-nitro.store,5000,0,fraud
https://www.pennmedicine.org,5000,0,safe
https://www.unitedway.org,5000,0,safe
https://cartrewardportal.net,5000,0,fraud
https://walletissuefix.com,5000,0,fraud
https://exclusiveofferredeem.net,5000,0,fraud
https://www.zorin.com,5000,0,safe
https://www.samsungpay.com,5000,0,safe
https://www.st-aug.edu,5000,0,safe
https://www.apache.org,5000,0,safe
https://www.chicagotribune.com,5000,0,safe
https://www.signon.org,5000,0,safe
https://www.stjude.org,5000,0,safe
https://www.kde.org,5000,0,safe
http://nitro-j.xyz,5000,0,fraud
https://www.expedia.com,5000,0,safe
https://www.rollcall.com,5000,0,safe
https://www.missoulian.com,5000,0,safe
http://sarobux.com,5000,0,fraud
https://www.hertz.com,5000,0,safe
https://www.osu.edu,5000,0,safe
https://primeoffer-checkout.shop,5000,0,fraud
http://dlcsorcl.com,5000,0,fraud
https://www.acm.org,5000,0,safe
http://steam-csgocom.ru,5000,0,fraud
http://connect-testers-moderators-academy.com,5000,0,fraud
https://myorderunlock.net,5000,0,fraud
http://satoshi-cord.com,5000,0,fraud
https://www.acm.org/natural-language-processing,5000,0,safe
https://www.vumc.org,5000,0,safe
https://www.jaycees.org,5000,0,safe
https://www.psu.edu,5000,0,safe
https://www.boisestate.edu,5000,0,safe
https://shopperverifyboard.net,5000,0,fraud
https://itemclaimactivation.shop,5000,0,fraud
https://www.siriusxm.com,5000,0,safe
https://topbuyershop.store,5000,0,fraud
https://www.openstreetmap.org,5000,0,safe
http://zk-polyhedra.net,5000,0,fraud
https://www._https._tcp.virtualaccess3.tikmaillnow.com/,5000,0,fraud
https://www.fbi.gov,5000,0,safe
https://www.whatwg.org,5000,0,safe
https://www.bismarcktribune.com,5000,0,safe
https://www.sigdl.org,5000,0,safe
https://www.acm.org/speech,5000,0,safe
https://holidaybonuscoupon.net,5000,0,fraud
https://www.airforce.com,5000,0,safe
http://csgo-cyber.com,5000,0,fraud
http://blockver.000webhostapp.com,5000,0,fraud
http://steamcomnunitiy.ru,5000,0,fraud
https://www.cgsc.edu,5000,0,safe
https://www.cbree.com,5000,0,safe
https://amz-offerhub.shopping,5000,0,fraud
https://www.mapquest.com,5000,0,safe
https://www.backbox.org,5000,0,safe
https://corev3-secure-b4df72d1-ff44b36-ae57.network/,5000,0,fraud
https://www.sigdial.org,5000,0,safe
https://www.sigweb.org,5000,0,safe
https://gvz.qzz.io/dana/7j6ha/ss/,5000,0,fraud
https://membershipvoucherclaim.net,5000,0,fraud
https://www.iastate.edu,5000,0,safe
https://shoprewards-securepay.net,5000,0,fraud
https://www.haskell.org,5000,0,safe
http://stake-caga.web.app,5000,0,fraud
https://www.fao.com,5000,0,safe
https://www.martindale.com,5000,0,safe
https://flashorderreactivation.net,5000,0,fraud
https://www.swift.org,5000,0,safe
https://www.elixir-lang.org,5000,0,safe
https://www.scouting.org,5000,0,safe
https://www.imperial.ac.uk,5000,0,safe
https://www.latimes.com,5000,0,safe
https://www.usenix.org,5000,0,safe
https://www.superantispyware.com,5000,0,safe
https://www.acloud.guru,5000,0,safe
https://www.openssl.org,5000,0,safe
https://www.homeadvisor.com,5000,0,safe
https://www.recode.net,5000,0,safe
https://www.acm.org/multimedia,5000,0,safe
https://purchasesecurecenter.net,5000,0,fraud
https://www.wisecleaner.com,5000,0,safe
https://www.jhu.edu,5000,0,safe
https://lowes.com,5000,0,fraud
https://www.vsu.edu,5000,0,safe
https://www.consumerfinance.gov,5000,0,safe
https://www.indeed.com,5000,0,safe
https://www.pcworld.com,5000,0,safe
https://discount-storeplus.online,5000,0,fraud
https://www.ndu.edu,5000,0,safe
https://www.bhphotovideo.com,5000,0,safe
https://www.acm.org/computer-tutorials,5000,0,safe
https://shopperspriorityhub.net,5000,0,fraud
https://www.marcus.com,5000,0,safe
https://www.elavon.com,5000,0,safe
http://dmmarket.net,5000,0,fraud
https://walmart.com,5000,0,fraud
https://offerresolvehub.net,5000,0,fraud
https://www.hamptonu.edu,5000,0,safe
https://www.kansascity.com,5000,0,safe
https://www.glassdoor.com,5000,0,safe
https://www.loyola.edu,5000,0,safe
https://www.tradestation.com,5000,0,safe
https://www.rocketlawyer.com,5000,0,safe
https://billingresetassist.net,5000,0,fraud
https://checkoutconfirmation.org,5000,0,fraud
https://roblox.com.ge/communities/7630256401/,5000,0,fraud
https://www.brookings.edu,5000,0,safe
https://www.accuradio.com,5000,0,safe
https://www.acm.org/robotics,5000,0,safe
https://www.wilderssecurity.com,5000,0,safe
https://honda.com,5000,0,fraud
https://www.fsu.edu,5000,0,safe
https://usps.com,5000,0,fraud
https://cartreportservice.net,5000,0,fraud
https://www.bcm.edu,5000,0,safe
https://supermartrewards.store,5000,0,fraud
http://steam-discord.ru,5000,0,fraud
https://authorizedorderfix.org,5000,0,fraud
hxxps://shopwallet-secureaccess.net,5000,0,fraud
http://tiktokfreefollowerspromo.com,5000,0,fraud
http://invite-academy-dc.org,5000,0,fraud
https://www.eclipse.org,5000,0,safe
https://mobilepayauth.shop,5000,0,fraud
https://www.seattletimes.com,5000,0,safe
https://www.defense.gov,5000,0,safe
https://shoppingwalletstore.shop,5000,0,fraud
https://www.acm.org/computer-skills,5000,0,safe
https://www.marketplace.org,5000,0,safe
https://www.olemiss.edu,5000,0,safe
https://www.github.io,5000,0,safe
http://steamcommunltyy.com,5000,0,fraud
https://www.hospitals.com,5000,0,safe
https://www.clevelandclinic.org,5000,0,safe
https://www.colorado.edu,5000,0,safe
https://www.unm.edu,5000,0,safe
https://www.clover.com,5000,0,safe
https://www.princeton.edu,5000,0,safe
